name,value
Koff_4_Mab,30
Koff_5_Pa,0
Koff_6_Pb,0
Ly,0.02
D_Pa,0.5
Koff_7_Pab,0
Koff_8_Pab,0
eta,0
gamma,3000
E,0
act,3
K,0
G,0
D_Mab,0.001
n_s,200
Eb_Mb,2.8330433585045784
Eb_Pa,2.139981167108566
D_Mb,0.01
Eb_Mab,1.689118731919012
D_Ma,0.01
Eb_Pb,2.139981167108566
Eb_Ma,2.8330433585045784
Eb_Pab,0.48240994937551124
D_Pb,0.5
D_Pab,0.02
V_Ma,0
V_Mb,0
V_Mab,0
Koff_1_Ma,30
Lz,0.02
Koff_2_Mb,30
Koff_3_Mab,30
